{
  "akurasi": 0.7,
  "fn": 2,
  "fp": 7,
  "label_list": [
    "negatif",
    "positif",
    "negatif",
    "negatif",
    "positif",
    "negatif",
    "negatif",
    "positif",
    "positif",
    "positif",
    "positif",
    "negatif",
    "negatif",
    "negatif",
    "negatif",
    "negatif",
    "negatif",
    "positif",
    "negatif",
    "positif",
    "positif",
    "negatif",
    "positif",
    "positif",
    "positif",
    "positif",
    "positif",
    "positif",
    "negatif",
    "positif"
  ],
  "predict_label": [
    "positif",
    "positif",
    "negatif",
    "negatif",
    "positif",
    "positif",
    "positif",
    "positif",
    "positif",
    "positif",
    "negatif",
    "positif",
    "positif",
    "negatif",
    "negatif",
    "positif",
    "negatif",
    "negatif",
    "negatif",
    "positif",
    "positif",
    "negatif",
    "positif",
    "positif",
    "positif",
    "positif",
    "positif",
    "positif",
    "positif",
    "positif"
  ],
  "presisi": 0.67,
  "prob_predict": [
    0.6111106189344595,
    0.8301991945779869,
    0.591026822751799,
    0.557637069047346,
    0.6974948396814056,
    0.7287609726002234,
    0.748734539664201,
    0.7355137888296562,
    0.6480813389261616,
    0.6498005593884626,
    0.579898083029111,
    0.5572099907833953,
    0.5898259829568409,
    0.5418526260817417,
    0.5014976453478972,
    0.6657461714420544,
    0.5118017299941676,
    0.5188609870646235,
    0.5002117159563644,
    0.6325758065031394,
    0.6413555423895876,
    0.543437321079552,
    0.806365513080928,
    0.6308995881016646,
    0.7361967189862977,
    0.7844078224635148,
    0.7893202113930894,
    0.648381887160339,
    0.6867845979648631,
    0.5768687870334652
  ],
  "recall": 0.88,
  "text_list": [
    "rezim borobudur tiket setujuuuuuu rezim tiket borobudur mahal turun tuju",
    "meski kerja gaji dukung tiket masuk borobudur harga agama bangsa norma tuju cagar budaya salah bangun sejarah aku dunia",
    "borobudur atas batal masuk lihat tiket uang tabung boros",
    "hagia sofia turki tua borobudur tunjuk constantinopel maju abad segitu tiket masuk hagia sofia gratis",
    "bu baca tiket tiket masuk kawasan borobudur bu rn candi lindung candi rusa naik harga tutup akses candi kayak ibu masuk baris baca judul abai isi",
    "tiket masuk candi borobudur masuk jang salah contoh kejar setor hambat anak bangsa kenal sejarah budaya negeri",
    "tiket masuk borobudur auto anak muda domisili radius pacar cari lokasi kan sengaja angin relief dinding candi biar pesona rumah putus soale dijajanin dawet panas kan",
    "memang gampang usaha tiket candi borobudur momen pikir jaga situs sejarah",
    "yagitu memang susah minoritas naik tiket masuk borobudur lindung itusih support support ajaa",
    "harga tiket borobudur ingat ngejaga hayo kr manjat iya",
    "bayang netijen borobudur pas studi tur sekolah tahu segitu dalam berani bilang cerdas literasi bangsa kacau informasi naik harga tiket potong",
    "benar qadruns gagal paham tiket masuk",
    "ribut bicara naik tiket borobudur niat kesana ribut naik tiket pesawat rencana pergi ambyar",
    "apa umur nginjek kepala bapak maksdnya kelapa candi borobudur dengar harga tiket ajaa sedih sihhh",
    "koordinasi putus teknis lbp bilang tekan borobudur wisata massal kemenpar kaji opsi koordinatif pilih putus teknis keluar angka tiket ban menteri pariwisata",
    "tiket masuk candi borobudur masuk dalam candi kawasan iya naik ribut imam masuk rumah ibadah agama haram ribut tiket candi naik anti rumah ibadah kan",
    "opung tetap harga masuk candi borobudur harga tuju iya harga tiket sepi jual aseng",
    "tim profesional tiket masuk candi borobudur",
    "tiket masuk borobudur gratis masyarakat unjung pas keluar mesti bayar",
    "tuju harga tiket borobudur",
    "candi borobudur objek wisata sejarah ritual harga tiket mking pihat budayawan tokoh agama tuju",
    "tuju uas bilang haram masuk borobudur bukti mayoritas masuk umat islam petakilan mayoritas umat islam harga tiket mahal protes mayoritas islam",
    "tinggal sejarah mahal awat coba lihat segi kan borobudur ajaib dunia masalah harga tiket kan tiket masuk mesti bayar",
    "tuju tiket candi borobudur mahalin jaga suci ibadah umat budha",
    "berita borobudur tuju tiket ibadah sakral sejarah layak batas sembarang biar harga kesana murah effort",
    "mndukung naik harga tiket tuk bangun candi borobudur pasti atur buat tuk lindung cagar budaya rudak lebih beban unjung candi unjung tanggung jawab",
    "mari dukung naik harga tiket jaga lestari kaya budaya nusantara ayo dukung lestari candi borobudur salah waris budaya nenek moyang borobudur salah waris bangga indonesia",
    "tiket borobudur atas candi lestari tinggal sejarah nilai tiket masuk faham beda formula o e nonton layar tancap kan",
    "niat hati healing pusing berita tiket masuk candi borobudur wisatawan domestik mahal banget benar iya harga tiket mahal simak biar bingung",
    "borobudur pakai umat buddha ibadah contoh doa lepas lampion pas waisak beda vandalisme laku rusak rumah ibadah ajar ibadah tiket masuk mahal pol"
  ],
  "tn": 7,
  "tp": 14
}