{
  "akurasi": 0.88,
  "fn": 3,
  "fp": 4,
  "label_list": [
    "Puas",
    "Sangat Puas",
    "Puas",
    "Puas",
    "Puas",
    "Sangat Puas",
    "Sangat Puas",
    "Sangat Puas",
    "Sangat Puas",
    "Puas",
    "Sangat Puas",
    "Sangat Puas",
    "Puas",
    "Puas",
    "Puas",
    "Sangat Puas",
    "Puas",
    "Puas",
    "Puas",
    "Sangat Puas",
    "Puas",
    "Puas",
    "Puas",
    "Puas",
    "Puas",
    "Puas",
    "Puas",
    "Puas",
    "Puas",
    "Puas",
    "Sangat Puas",
    "Puas",
    "Puas",
    "Puas",
    "Puas",
    "Puas",
    "Puas",
    "Puas",
    "Puas",
    "Puas",
    "Puas",
    "Puas",
    "Puas",
    "Puas",
    "Puas",
    "Puas",
    "Sangat Puas",
    "Puas",
    "Puas",
    "Sangat Puas",
    "Puas",
    "Puas",
    "Puas",
    "Puas",
    "Sangat Puas",
    "Sangat Puas",
    "Puas"
  ],
  "predict_label": [
    "Sangat Puas",
    "Puas",
    "Puas",
    "Puas",
    "Puas",
    "Sangat Puas",
    "Puas",
    "Sangat Puas",
    "Sangat Puas",
    "Puas",
    "Puas",
    "Sangat Puas",
    "Sangat Puas",
    "Puas",
    "Puas",
    "Sangat Puas",
    "Puas",
    "Puas",
    "Sangat Puas",
    "Sangat Puas",
    "Puas",
    "Puas",
    "Puas",
    "Puas",
    "Sangat Puas",
    "Puas",
    "Puas",
    "Puas",
    "Puas",
    "Puas",
    "Sangat Puas",
    "Puas",
    "Puas",
    "Puas",
    "Puas",
    "Puas",
    "Puas",
    "Puas",
    "Puas",
    "Puas",
    "Puas",
    "Puas",
    "Puas",
    "Puas",
    "Puas",
    "Puas",
    "Sangat Puas",
    "Puas",
    "Puas",
    "Sangat Puas",
    "Puas",
    "Puas",
    "Puas",
    "Puas",
    "Sangat Puas",
    "Sangat Puas",
    "Puas"
  ],
  "presisi": 0.73,
  "prob_predict": [
    0.1493880572821538,
    0.5437260590051803,
    0.9465762803429607,
    0.58584128440793,
    0.9993002370466311,
    0.0052529010565532264,
    0.985117182698896,
    0.08625663064169826,
    0.001486719771790977,
    0.9824589402768245,
    0.8168273906107264,
    3.771717553985336e-05,
    2.5698917530788035e-05,
    0.9839043135612455,
    0.9915850525054147,
    0.01945764669264228,
    0.9148551645504274,
    0.999996676075465,
    0.0007477484113395647,
    0.01827985738233996,
    0.9999999997161666,
    0.9999999997161666,
    1.0,
    0.9994397579867697,
    2.6476150069588712e-05,
    1.0,
    0.9999999997161666,
    0.9999999997161666,
    0.9999999999999147,
    0.9999999999999147,
    0.0006481103783176039,
    1.0,
    0.9999999997161666,
    0.9998724446041402,
    0.9999359310947376,
    0.9984572376585474,
    0.9999999999999147,
    0.9998594015038216,
    0.9999999997161666,
    0.9732787755303836,
    0.9999999997161666,
    1.0,
    0.9989666618787987,
    0.9999999997161666,
    0.9999999999999147,
    0.9994914907353126,
    2.980376651543456e-05,
    0.9999999997161666,
    0.9999999999999147,
    0.00046468365703016223,
    0.974668864791018,
    0.9999999997161666,
    1.0,
    0.9999999999999147,
    0.001335813688881001,
    0.41117747440686564,
    0.9999916063674854
  ],
  "recall": 0.79,
  "text_list": [
    "minum okayyyy porsi harga nya lumayan pricey tp memang ambience oke",
    "worth price bicara ingredients premium harga tawar mahal",
    "segi enak besar porsi berame-rame harga produk kualitas",
    "untuk besar porsi harga sut sun kalo saran besar porsi agak banyak",
    "besar porsi harga imbang karna enakkk bikin kenyang suka burgernyaa kasih tambah slice daging juicy bentuk makan karna lumer cheese burgernya enak",
    "untuk rasak enakk harga ramah kantong porsi lumayan eyang harga ramah kantong",
    "sat sun almeaty service milik kualitas produk saji produk kualitas",
    "turut dapat sat sun almeaty service milik kualitas produk muas konsumen",
    "enakk kualitas daging okee porsi harga sebenernya bit overpriced nyoba mas okee",
    "agak pricey sih bahan dipakek high quality sih yahh terima",
    "turut agak worth it harga menu segitu kualitas makan nikmat estetika an",
    "enakk bcs tipikal suka makan western such a gem akuu segi harga worth kualitas kasi porsi ga pelit",
    "harga yaa lumayan oke bcs emg daging good quality mahasiswa a bit overpriced rasaa gudd tp enakk buangett agak eneg",
    "sat and sun segi kualitas makan minum oke memang mahal banding",
    "sat sun the almeaty service segi kualitas produk okeee banget agak overpriceeeeeee tetep okeeeee",
    "agak pricey sih kantong mhs yaa kualitas makan sm porsi sini lumayan jangkau nyaman tempat overall worth to try",
    "kisar harga segitu sih oke yaa porsi oke enak banding harga high quality",
    "harga lumayan sih gak mahal banget murah banget turut banding kualitas kalok besar porsi standart aja sih",
    "mnurut ku mahal sih mahasiswa alias gabisa kalo dr segi worth rekomen porsi harga ga overprice",
    "dish nya enakk porsi kualitas sih mnurutku satnsun totalitas n worth it rekomen nongki bareng temen",
    "enak porsi lumayan banding harga lumayan mahasiswa kaum mendang-mending kyaknya gak sih",
    "enak porsi lumayan banding harga lumayan mahasiswa kaum mendang-mending kyaknya gak sih",
    "harga gk murah gak mahal worth it kalok kesini kayak sih kyak klok gak dlu",
    "sebenernya porisnya banget bikin kenyang enak cuman harga agak hmzzz kyak buka kafe option nongki sih",
    "harga yaa lumayan oke bcs emg daging good quality mahasiswa a bit overpriced rasaa gudd tp enakk buangett agak eneg ngabisin makan",
    "harga gk murah gak mahal worth it kalok kesini kayak sih kyak klok gak dlu",
    "asa enak porsi lumayan banding harga lumayan mahasiswa kaum mendang-mending kyaknya gak sih",
    "enak porsi lumayan banding harga lumayan mahasiswa kaum mendang-mending kyaknya gak sih",
    "enak sih kyaknya udah wajar harga gak bilang jangkau dapet makan minum enak porsi gak kenyang",
    "enak sih kyaknya udah wajar harga gak bilang jangkau dapet makan minum enak porsi gak kenyang",
    "harga emg aga pricey kalo liat kualitas porsi kasih mnurutku masuk kategori okeee bcs makan enak tempat estetik jugaa sukses uplifting mood",
    "harga gk murah gak mahal worth it kalok kesini kayak sih kyak klok gak dlu",
    "enak porsi lumayan banding harga lumayan mahasiswa kaum mendang-mending kyaknya gak sih",
    "sat sun the almeaty service segi kualitas produk enak enak agak mahaaalllllllllllllllll",
    "sat sun the almeaty service segi kualitas produk okeee sihhh worth itt enak enak semuaaaaa coba",
    "sat sun the almeaty service segi kualitas produk agak mahaaaal tapi enak enakkk sihhhhhhhhhh",
    "enak sih kyaknya udah wajar harga gak bilang jangkau dapet makan minum enak porsi gak kenyang",
    "sat sun the almeaty service segi kualitas produk enak enak sih liat kalo high qualityyyyyyyyyyy",
    "enak porsi lumayan banding harga lumayan mahasiswa kaum mendang-mending kyaknya gak sih",
    "sat sun the almeaty service segi kualitas produk oke oke bangett sihh mayan laah harga segituuu",
    "enak porsi lumayan banding harga lumayan mahasiswa kaum mendang-mending kyaknya gak sih",
    "harga gk murah gak mahal worth it kalok kesini kayak sih kyak klok gak dlu",
    "sat sun the almeaty service segi kualitas produk enak high quality jugaaa lohhh",
    "enak porsi lumayan banding harga lumayan mahasiswa kaum mendang-mending kyaknya gak sih",
    "enak sih kyaknya udah wajar harga gak bilang jangkau dapet makan minum enak porsi gak kenyang",
    "sat sun the almeaty service segi kualitas produk memuaskannn langgan sihh enak enakkkkkk",
    "harga yaa lumayan oke bcs emg daging good quality mahasiswa a bit overpriced rasaa immaculate sih kalo gw",
    "enak porsi lumayan banding harga lumayan mahasiswa kaum mendang-mending kyaknya gak sih",
    "enak sih kyaknya udah wajar harga gak bilang jangkau dapet makan minum enak porsi gak kenyang",
    "harga okee okee porsi jugaa okee cocok bangett hangout bareng temen or date sm mas pacar hahaa",
    "sat sun the almeaty service segi kualitas produk super duper enakk tempat nyaman betaaah",
